xmin,ymin,xmax,ymax,accident_count,rank
429900,433200,430900,434200,452,1
429900,433300,430900,434300,438,2
430000,433200,431000,434200,433,3
429900,433100,430900,434100,423,4
429800,433200,430800,434200,418,5
430000,433300,431000,434300,416,6
429900,433000,430900,434000,414,7
430000,433100,431000,434100,409,8
429700,433200,430700,434200,403,9
429800,433300,430800,434300,403,10
429900,433400,430900,434400,402,11
429800,433000,430800,434000,401,12
429800,433100,430800,434100,399,13
430000,433000,431000,434000,397,14
429700,433300,430700,434300,394,15
430100,433200,431100,434200,391,16
429600,433200,430600,434200,386,17
429700,433100,430700,434100,385,18
430200,433200,431200,434200,383,19
429700,433000,430700,434000,383,20
430000,433400,431000,434400,381,21
429900,432900,430900,433900,381,22
429800,432800,430800,433800,380,23
430100,433100,431100,434100,380,24
429900,432800,430900,433800,379,25
430100,433000,431100,434000,378,26
429800,432900,430800,433900,378,27
430100,433300,431100,434300,378,28
430200,433100,431200,434100,375,29
429600,433300,430600,434300,375,30
430200,433000,431200,434000,373,31
430200,433300,431200,434300,373,32
429800,433400,430800,434400,372,33
429600,433100,430600,434100,370,34
429500,433200,430500,434200,370,35
429700,433400,430700,434400,369,36
429600,433000,430600,434000,366,37
430000,432900,431000,433900,365,38
429500,433300,430500,434300,364,39
430300,433300,431300,434300,361,40
430000,432800,431000,433800,361,41
430300,433200,431300,434200,359,42
429500,433100,430500,434100,353,43
430100,432900,431100,433900,352,44
430100,432800,431100,433800,352,45
430200,432900,431200,433900,351,46
430100,433400,431100,434400,350,47
430200,433400,431200,434400,350,48
429500,433000,430500,434000,349,49
429700,432900,430700,433900,349,50
429700,432800,430700,433800,348,51
429400,433200,430400,434200,348,52
429600,433400,430600,434400,347,53
430300,433100,431300,434100,346,54
429400,433300,430400,434300,344,55
430300,433000,431300,434000,343,56
430200,432800,431200,433800,342,57
430300,433400,431300,434400,340,58
429500,433400,430500,434400,338,59
429600,432900,430600,433900,333,60
429900,432700,430900,433700,331,61
429800,432700,430800,433700,331,62
429600,432800,430600,433800,330,63
429400,433100,430400,434100,329,64
429400,433000,430400,434000,324,65
430300,432900,431300,433900,323,66
429300,433200,430300,434200,318,67
430100,432700,431100,433700,317,68
429900,433500,430900,434500,316,69
429500,432900,430500,433900,315,70
430000,432700,431000,433700,314,71
429400,433400,430400,434400,314,72
430300,432800,431300,433800,313,73
429900,432600,430900,433600,313,74
429300,433300,430300,434300,312,75
429800,432600,430800,433600,311,76
429500,432800,430500,433800,309,77
430200,432700,431200,433700,309,78
429700,433500,430700,434500,307,79
430400,433300,431400,434300,307,80
429900,433600,430900,434600,306,81
429200,433300,430200,434300,305,82
430400,433200,431400,434200,304,83
429100,433300,430100,434300,304,84
429900,433700,430900,434700,300,85
429300,433100,430300,434100,300,86
429200,433200,430200,434200,299,87
429100,433200,430100,434200,299,88
429900,432500,430900,433500,298,89
430400,433400,431400,434400,297,90
430000,432600,431000,433600,297,91
431000,434900,432000,435900,295,92
429700,432700,430700,433700,294,93
429800,432500,430800,433500,294,94
430100,432600,431100,433600,294,95
429700,433600,430700,434600,293,96
430400,433100,431400,434100,292,97
429300,433000,430300,434000,292,98
429300,433400,430300,434400,292,99
429400,432900,430400,433900,291,100
429500,433500,430500,434500,291,101
430000,433500,431000,434500,290,102
429800,433500,430800,434500,290,103
429600,433500,430600,434500,290,104
429100,433400,430100,434400,289,105
430400,433000,431400,434000,287,106
429200,433400,430200,434400,287,107
430300,432700,431300,433700,284,108
430000,432500,431000,433500,283,109
430000,433600,431000,434600,281,110
429100,433100,430100,434100,281,111
429700,433700,430700,434700,280,112
431000,435000,432000,436000,279,113
429400,432800,430400,433800,278,114
429200,433100,430200,434100,278,115
430000,433700,431000,434700,278,116
430200,432600,431200,433600,277,117
429100,433000,430100,434000,276,118
429600,432700,430600,433700,276,119
429800,433600,430800,434600,276,120
429700,432600,430700,433600,275,121
429400,433500,430400,434500,272,122
430500,433300,431500,434300,272,123
429600,433600,430600,434600,270,124
429000,433300,430000,434300,270,125
429800,433700,430800,434700,270,126
429200,433000,430200,434000,269,127
429500,433600,430500,434600,269,128
430100,432500,431100,433500,269,129
429300,433500,430300,434500,267,130
430500,433200,431500,434200,267,131
430600,433400,431600,434400,265,132
431000,434800,432000,435800,265,133
429000,433000,430000,434000,264,134
429000,433200,430000,434200,264,135
430900,434900,431900,435900,263,136
429000,433400,430000,434400,262,137
429300,433600,430300,434600,262,138
430500,433400,431500,434400,262,139
430400,432900,431400,433900,262,140
429300,432900,430300,433900,262,141
430600,433300,431600,434300,261,142
431000,434700,432000,435700,261,143
429600,432600,430600,433600,260,144
429700,432500,430700,433500,258,145
428900,433300,429900,434300,256,146
429500,432700,430500,433700,256,147
429100,433500,430100,434500,256,148
429000,433100,430000,434100,256,149
429900,433800,430900,434800,255,150
429500,433700,430500,434700,255,151
428900,433400,429900,434400,255,152
430400,432800,431400,433800,254,153
430200,433500,431200,434500,254,154
430100,433500,431100,434500,254,155
430900,435000,431900,436000,253,156
429300,433700,430300,434700,253,157
429200,433500,430200,434500,253,158
429600,433700,430600,434700,252,159
430900,434800,431900,435800,252,160
430600,433200,431600,434200,252,161
430500,433100,431500,434100,251,162
429400,433600,430400,434600,251,163
430200,432500,431200,433500,251,164
429200,433600,430200,434600,249,165
428900,433200,429900,434200,249,166
429100,432900,430100,433900,249,167
429100,433600,430100,434600,247,168
428900,433000,429900,434000,247,169
430300,432600,431300,433600,247,170
430900,434700,431900,435700,245,171
430300,433500,431300,434500,245,172
429300,432800,430300,433800,245,173
429900,433900,430900,434900,244,174
429000,432900,430000,433900,243,175
428900,433100,429900,434100,242,176
428800,433300,429800,434300,242,177
429500,432600,430500,433600,242,178
429400,433700,430400,434700,242,179
429600,432500,430600,433500,242,180
430200,433600,431200,434600,240,181
430100,433600,431100,434600,240,182
430000,433800,431000,434800,239,183
430500,433000,431500,434000,239,184
428800,433200,429800,434200,238,185
430100,433700,431100,434700,238,186
429200,433700,430200,434700,238,187
429200,432900,430200,433900,238,188
431000,434600,432000,435600,237,189
430600,434200,431600,435200,237,190
430600,433100,431600,434100,236,191
428800,433000,429800,434000,235,192
430700,433400,431700,434400,235,193
429100,433700,430100,434700,234,194
429400,432700,430400,433700,234,195
428800,433400,429800,434400,234,196
430300,433600,431300,434600,233,197
430600,434100,431600,435100,233,198
430700,433300,431700,434300,233,199
428800,433100,429800,434100,231,200
430200,433700,431200,434700,230,201
430400,432700,431400,433700,230,202
428500,433000,429500,434000,230,203
430700,433200,431700,434200,229,204
428900,432900,429900,433900,227,205
430400,433600,431400,434600,226,206
430000,433900,431000,434900,225,207
429400,432600,430400,433600,225,208
429000,433500,430000,434500,225,209
429500,432500,430500,433500,225,210
430500,432900,431500,433900,224,211
430600,433000,431600,434000,222,212
429800,433800,430800,434800,222,213
430400,433500,431400,434500,222,214
430300,432500,431300,433500,221,215
429700,433800,430700,434800,220,216
430900,434600,431900,435600,220,217
430600,434500,431600,435500,219,218
430300,433700,431300,434700,219,219
431000,434200,432000,435200,219,220
430500,434100,431500,435100,219,221
429200,432800,430200,433800,219,222
430600,434300,431600,435300,218,223
430500,432800,431500,433800,216,224
430700,433100,431700,434100,215,225
428700,433000,429700,434000,215,226
430400,433700,431400,434700,215,227
430600,433800,431600,434800,215,228
429800,433900,430800,434900,215,229
430600,433600,431600,434600,214,230
431000,434500,432000,435500,214,231
428700,433100,429700,434100,214,232
428500,433100,429500,434100,214,233
428700,433200,429700,434200,213,234
430600,433500,431600,434500,212,235
428600,433000,429600,434000,211,236
430600,433700,431600,434700,211,237
430600,433900,431600,434900,210,238
428500,432900,429500,433900,210,239
429700,433900,430700,434900,210,240
430100,433800,431100,434800,210,241
428600,433100,429600,434100,209,242
430500,434200,431500,435200,209,243
429400,432500,430400,433500,209,244
430600,434400,431600,435400,209,245
428700,433300,429700,434300,209,246
429900,434000,430900,435000,209,247
430600,434600,431600,435600,209,248
431000,434300,432000,435300,209,249
428500,433200,429500,434200,208,250
430500,434500,431500,435500,208,251
429100,432800,430100,433800,208,252
428800,432900,429800,433900,206,253
430800,434900,431800,435900,206,254
429000,433600,430000,434600,205,255
429000,432800,430000,433800,205,256
430900,434200,431900,435200,205,257
430600,432900,431600,433900,205,258
428600,433200,429600,434200,205,259
430500,432700,431500,433700,205,260
428500,433300,429500,434300,205,261
430200,433800,431200,434800,203,262
431000,434400,432000,435400,203,263
429900,432400,430900,433400,203,264
430600,434000,431600,435000,202,265
428900,433500,429900,434500,202,266
430700,434200,431700,435200,201,267
430100,433900,431100,434900,201,268
430400,433800,431400,434800,201,269
430300,433800,431300,434800,200,270
428700,433400,429700,434400,200,271
430500,433600,431500,434600,199,272
430900,434500,431900,435500,199,273
428400,433000,429400,434000,199,274
429400,433800,430400,434800,198,275
430700,433000,431700,434000,198,276
430800,434800,431800,435800,197,277
430500,433800,431500,434800,197,278
429800,432400,430800,433400,197,279
430400,432600,431400,433600,197,280
428600,433300,429600,434300,197,281
429900,434100,430900,435100,197,282
430400,434100,431400,435100,196,283
430500,434400,431500,435400,196,284
430800,435000,431800,436000,196,285
428500,433400,429500,434400,196,286
430800,433400,431800,434400,196,287
430500,433500,431500,434500,196,288
429500,433800,430500,434800,196,289
430600,432800,431600,433800,195,290
428700,432900,429700,433900,195,291
431000,434100,432000,435100,195,292
430500,434600,431500,435600,195,293
430200,433900,431200,434900,195,294
429500,433900,430500,434900,195,295
430900,434300,431900,435300,195,296
430500,433700,431500,434700,195,297
429300,433800,430300,434800,194,298
430700,434100,431700,435100,194,299
430400,433900,431400,434900,194,300
430700,434900,431700,435900,194,301
428400,432900,429400,433900,194,302
429400,433900,430400,434900,193,303
430500,433900,431500,434900,193,304
430700,433500,431700,434500,193,305
430000,434000,431000,435000,193,306
430500,434300,431500,435300,193,307
430800,434200,431800,435200,192,308
430800,434700,431800,435700,192,309
430700,434500,431700,435500,192,310
430700,434600,431700,435600,192,311
430600,434700,431600,435700,191,312
430900,434400,431900,435400,191,313
430300,433900,431300,434900,189,314
430700,434700,431700,435700,189,315
430800,433300,431800,434300,189,316
429000,433700,430000,434700,189,317
428600,434700,429600,435700,189,318
428600,432900,429600,433900,188,319
430700,434800,431700,435800,188,320
430600,434900,431600,435900,188,321
428600,433400,429600,434400,188,322
430700,433600,431700,434600,187,323
430500,434000,431500,435000,187,324
430700,434300,431700,435300,187,325
428800,433500,429800,434500,187,326
429200,433800,430200,434800,187,327
430400,432500,431400,433500,187,328
430700,434400,431700,435400,186,329
430800,434600,431800,435600,186,330
429800,434000,430800,435000,186,331
429100,433800,430100,434800,186,332
429300,432700,430300,433700,186,333
430600,432700,431600,433700,186,334
429300,433900,430300,434900,186,335
428900,432800,429900,433800,185,336
430700,435000,431700,436000,185,337
429800,434100,430800,435100,184,338
430800,434100,431800,435100,184,339
428400,433100,429400,434100,184,340
429600,433800,430600,434800,184,341
430400,434500,431400,435500,184,342
430900,434100,431900,435100,183,343
430400,434200,431400,435200,183,344
430500,432600,431500,433600,183,345
430000,434100,431000,435100,183,346
428600,434600,429600,435600,183,347
430800,433600,431800,434600,182,348
428900,433600,429900,434600,182,349
430600,434800,431600,435800,182,350
429900,434200,430900,435200,181,351
430200,434100,431200,435100,180,352
430200,434200,431200,435200,180,353
430200,434000,431200,435000,180,354
428500,432800,429500,433800,180,355
430000,432400,431000,433400,180,356
429800,434200,430800,435200,179,357
429700,432400,430700,433400,179,358
430800,433500,431800,434500,179,359
430600,435000,431600,436000,178,360
428700,434700,429700,435700,178,361
429300,432500,430300,433500,178,362
429300,432600,430300,433600,178,363
430400,434000,431400,435000,178,364
428600,434800,429600,435800,177,365
430700,432900,431700,433900,177,366
430700,433800,431700,434800,177,367
430500,434700,431500,435700,177,368
430700,433700,431700,434700,176,369
430300,434100,431300,435100,176,370
430100,434000,431100,435000,176,371
430100,434100,431100,435100,176,372
430800,434500,431800,435500,175,373
430800,433200,431800,434200,175,374
430500,434900,431500,435900,175,375
428400,433200,429400,434200,175,376
428500,434700,429500,435700,175,377
430300,434000,431300,435000,175,378
428400,434800,429400,435800,174,379
428700,434600,429700,435600,174,380
429800,434300,430800,435300,174,381
430400,434600,431400,435600,173,382
428400,433300,429400,434300,173,383
430100,434200,431100,435200,173,384
429200,433900,430200,434900,172,385
430500,432500,431500,433500,172,386
428400,434700,429400,435700,172,387
430400,434400,431400,435400,172,388
430700,433900,431700,434900,172,389
428400,432800,429400,433800,172,390
429600,433900,430600,434900,172,391
430800,434300,431800,435300,172,392
430000,434200,431000,435200,171,393
430800,433700,431800,434700,171,394
428800,433600,429800,434600,171,395
428400,434900,429400,435900,171,396
428300,433000,429300,434000,171,397
430400,434300,431400,435300,170,398
428500,434800,429500,435800,170,399
429600,432400,430600,433400,169,400
429000,432700,430000,433700,169,401
429200,432700,430200,433700,169,402
428400,433400,429400,434400,169,403
430600,432600,431600,433600,168,404
429900,434500,430900,435500,168,405
430800,433800,431800,434800,168,406
430800,434400,431800,435400,168,407
428500,432700,429500,433700,167,408
430500,434800,431500,435800,167,409
429900,434300,430900,435300,167,410
428500,434900,429500,435900,167,411
429900,434600,430900,435600,167,412
428300,432900,429300,433900,166,413
430000,434600,431000,435600,166,414
428900,433700,429900,434700,166,415
428700,434800,429700,435800,166,416
430700,432800,431700,433800,166,417
429700,434000,430700,435000,166,418
428800,432800,429800,433800,166,419
430100,432400,431100,433400,165,420
430200,434300,431200,435300,165,421
430000,434500,431000,435500,165,422
430500,435000,431500,436000,165,423
428300,433100,429300,434100,164,424
430700,434000,431700,435000,164,425
428800,434600,429800,435600,164,426
428500,434600,429500,435600,164,427
430000,434300,431000,435300,164,428
430200,434500,431200,435500,163,429
428600,434500,429600,435500,163,430
430800,433900,431800,434900,163,431
429300,434100,430300,435100,163,432
429500,432400,430500,433400,162,433
430800,433100,431800,434100,162,434
428000,434900,429000,435900,162,435
428400,434600,429400,435600,162,436
428300,433400,429300,434400,161,437
428600,434900,429600,435900,161,438
430300,434200,431300,435200,161,439
429100,432700,430100,433700,161,440
429300,434000,430300,435000,161,441
428400,432700,429400,433700,161,442
430100,434300,431100,435300,161,443
430700,432700,431700,433700,160,444
428500,433500,429500,434500,160,445
428500,432600,429500,433600,160,446
428900,434600,429900,435600,160,447
428300,433200,429300,434200,159,448
429200,432500,430200,433500,159,449
429200,432600,430200,433600,159,450
429700,434100,430700,435100,159,451
429100,433900,430100,434900,159,452
428300,433300,429300,434300,158,453
428800,433700,429800,434700,158,454
428700,433500,429700,434500,158,455
430600,432500,431600,433500,158,456
428400,432600,429400,433600,158,457
428800,434700,429800,435700,158,458
430200,434400,431200,435400,157,459
428700,432800,429700,433800,157,460
430100,434500,431100,435500,157,461
428600,432800,429600,433800,157,462
430300,434500,431300,435500,157,463
428200,433000,429200,434000,156,464
428300,432700,429300,433700,156,465
428300,432600,429300,433600,156,466
430000,434400,431000,435400,156,467
428000,434800,429000,435800,156,468
430800,434000,431800,435000,156,469
428100,434900,429100,435900,156,470
430400,434700,431400,435700,156,471
428700,434500,429700,435500,156,472
429700,434200,430700,435200,155,473
429900,434400,430900,435400,155,474
428100,432600,429100,433600,155,475
428700,434900,429700,435900,155,476
429000,433800,430000,434800,154,477
428800,434500,429800,435500,154,478
430200,434600,431200,435600,154,479
428200,432900,429200,433900,154,480
428900,434700,429900,435700,154,481
428200,432600,429200,433600,153,482
428000,432600,429000,433600,153,483
429300,434200,430300,435200,153,484
430100,434400,431100,435400,152,485
428900,434500,429900,435500,152,486
428100,432700,429100,433700,152,487
429400,432400,430400,433400,152,488
429400,434000,430400,435000,152,489
429800,434500,430800,435500,151,490
429800,434400,430800,435400,151,491
428000,435000,429000,436000,151,492
428200,432700,429200,433700,151,493
429200,434100,430200,435100,151,494
428000,432500,429000,433500,151,495
429500,434000,430500,435000,151,496
428900,432700,429900,433700,151,497
429100,432600,430100,433600,150,498
428300,434800,429300,435800,150,499
428300,432800,429300,433800,150,500
431000,434000,432000,435000,149,501
430100,434600,431100,435600,149,502
428200,434800,429200,435800,149,503
429000,432600,430000,433600,149,504
428600,433500,429600,434500,149,505
428200,433100,429200,434100,149,506
428100,434800,429100,435800,149,507
430000,435000,431000,436000,148,508
428000,434700,429000,435700,148,509
428000,434500,429000,435500,148,510
428400,434500,429400,435500,148,511
429700,434300,430700,435300,148,512
430000,434700,431000,435700,148,513
430400,434800,431400,435800,148,514
428500,434500,429500,435500,148,515
428800,434800,429800,435800,148,516
429800,432300,430800,433300,147,517
430400,434900,431400,435900,147,518
428300,434900,429300,435900,147,519
430300,434400,431300,435400,147,520
428200,433400,429200,434400,147,521
430200,432400,431200,433400,147,522
428000,434200,429000,435200,147,523
429200,434000,430200,435000,146,524
429900,434700,430900,435700,146,525
428500,433600,429500,434600,146,526
428000,432700,429000,433700,146,527
428200,434900,429200,435900,146,528
428900,434800,429900,435800,146,529
430300,434300,431300,435300,146,530
430300,434600,431300,435600,146,531
429100,432500,430100,433500,145,532
430700,432600,431700,433600,145,533
429500,434100,430500,435100,145,534
428300,434700,429300,435700,145,535
428200,433200,429200,434200,145,536
428400,433500,429400,434500,145,537
428200,432800,429200,433800,145,538
429800,434600,430800,435600,145,539
428100,432500,429100,433500,144,540
428000,434000,429000,435000,144,541
428200,433300,429200,434300,144,542
428000,434600,429000,435600,144,543
429900,432300,430900,433300,143,544
429300,434300,430300,435300,143,545
429400,434100,430400,435100,143,546
428300,433500,429300,434500,143,547
428700,433600,429700,434600,143,548
428600,432700,429600,433700,142,549
430000,434900,431000,435900,142,550
430000,434800,431000,435800,142,551
428000,434300,429000,435300,142,552
429100,434100,430100,435100,142,553
429100,434600,430100,435600,142,554
428300,432500,429300,433500,142,555
430800,433000,431800,434000,142,556
429300,434600,430300,435600,141,557
428000,434100,429000,435100,141,558
428400,432500,429400,433500,141,559
428500,432500,429500,433500,141,560
428200,434700,429200,435700,140,561
428400,435000,429400,436000,140,562
428700,432700,429700,433700,140,563
428100,434700,429100,435700,139,564
428100,432800,429100,433800,139,565
430400,435000,431400,436000,139,566
428000,432400,429000,433400,139,567
429300,432400,430300,433400,138,568
430900,433400,431900,434400,138,569
428500,435000,429500,436000,138,570
428700,435000,429700,436000,138,571
428000,433900,429000,434900,138,572
428800,434900,429800,435900,138,573
428900,433800,429900,434800,137,574
429100,434500,430100,435500,137,575
430900,434000,431900,435000,137,576
428300,434600,429300,435600,137,577
429100,434000,430100,435000,137,578
428100,435000,429100,436000,137,579
428200,432500,429200,433500,137,580
428000,433800,429000,434800,137,581
431000,433900,432000,434900,137,582
429100,434700,430100,435700,137,583
429500,434200,430500,435200,136,584
428900,434900,429900,435900,136,585
430200,434700,431200,435700,136,586
428600,435000,429600,436000,136,587
429300,434500,430300,435500,136,588
428200,433500,429200,434500,136,589
428700,433700,429700,434700,135,590
428100,433000,429100,434000,135,591
429000,434500,430000,435500,135,592
429300,434700,430300,435700,135,593
428500,433700,429500,434700,135,594
430900,433600,431900,434600,134,595
428000,433700,429000,434700,134,596
428100,432900,429100,433900,134,597
430100,435000,431100,436000,134,598
428200,434600,429200,435600,134,599
428800,432700,429800,433700,134,600
429200,434600,430200,435600,133,601
430700,432500,431700,433500,133,602
430200,434800,431200,435800,133,603
430200,434900,431200,435900,133,604
430200,435000,431200,436000,133,605
428400,433600,429400,434600,133,606
429000,434600,430000,435600,133,607
428100,434600,429100,435600,132,608
428000,432800,429000,433800,132,609
429700,432300,430700,433300,132,610
428800,433800,429800,434800,132,611
429100,434800,430100,435800,132,612
429900,434800,430900,435800,132,613
428100,432400,429100,433400,132,614
429400,434200,430400,435200,132,615
430900,433500,431900,434500,131,616
428600,433600,429600,434600,131,617
430100,434700,431100,435700,131,618
428300,433600,429300,434600,131,619
428100,433100,429100,434100,131,620
428600,432600,429600,433600,130,621
431000,433800,432000,434800,130,622
429000,433900,430000,434900,130,623
429000,434100,430000,435100,130,624
428300,435000,429300,436000,130,625
429300,434800,430300,435800,129,626
429000,432500,430000,433500,129,627
428000,432300,429000,433300,129,628
430900,433300,431900,434300,129,629
429200,434200,430200,435200,129,630
429600,434000,430600,435000,129,631
431000,433400,432000,434400,129,632
428900,432600,429900,433600,129,633
429200,434500,430200,435500,128,634
430100,434900,431100,435900,128,635
428700,432600,429700,433600,128,636
429000,434700,430000,435700,128,637
429500,434300,430500,435300,128,638
429200,434700,430200,435700,128,639
430300,434700,431300,435700,128,640
428200,435000,429200,436000,128,641
430100,434800,431100,435800,127,642
431000,433600,432000,434600,127,643
429900,434900,430900,435900,127,644
429900,435000,430900,436000,127,645
429800,432100,430800,433100,127,646
428100,433400,429100,434400,127,647
430900,433900,431900,434900,127,648
428300,433700,429300,434700,127,649
431000,433500,432000,434500,127,650
428200,432400,429200,433400,126,651
430300,435000,431300,436000,126,652
428300,433800,429300,434800,126,653
430900,433800,431900,434800,126,654
430000,432300,431000,433300,125,655
429600,432300,430600,433300,125,656
428000,433600,429000,434600,125,657
428300,432400,429300,433400,125,658
428000,434400,429000,435400,125,659
429100,434300,430100,435300,125,660
428100,433200,429100,434200,125,661
428300,434500,429300,435500,124,662
428400,433700,429400,434700,124,663
429100,434200,430100,435200,124,664
428100,433300,429100,434300,124,665
428100,432300,429100,433300,124,666
430900,433700,431900,434700,123,667
429200,434800,430200,435800,123,668
429300,434400,430300,435400,123,669
428100,434500,429100,435500,123,670
428200,433600,429200,434600,122,671
429600,434100,430600,435100,122,672
430300,434900,431300,435900,122,673
429800,434700,430800,435700,122,674
428600,433700,429600,434700,121,675
429600,434200,430600,435200,121,676
428200,433800,429200,434800,121,677
428800,435000,429800,436000,121,678
428200,433700,429200,434700,121,679
430300,432400,431300,433400,121,680
429700,434400,430700,435400,121,681
429700,434500,430700,435500,121,682
428200,434500,429200,435500,121,683
429000,434200,430000,435200,121,684
429000,434300,430000,435300,121,685
429000,434800,430000,435800,121,686
429400,434300,430400,435300,121,687
430300,434800,431300,435800,121,688
429200,434300,430200,435300,120,689
428400,432400,429400,433400,120,690
430800,432900,431800,433900,120,691
429700,432100,430700,433100,120,692
428600,434400,429600,435400,119,693
428200,432300,429200,433300,119,694
428900,435000,429900,436000,119,695
429100,434900,430100,435900,119,696
429500,432300,430500,433300,119,697
429600,434300,430600,435300,118,698
428400,434300,429400,435300,118,699
429800,432000,430800,433000,118,700
428000,432900,429000,433900,118,701
428300,432300,429300,433300,118,702
428000,433400,429000,434400,118,703
429800,432200,430800,433200,117,704
430900,433200,431900,434200,117,705
428700,433800,429700,434800,117,706
428800,432600,429800,433600,117,707
429700,434600,430700,435600,117,708
428100,433500,429100,434500,117,709
430100,432300,431100,433300,116,710
429100,434400,430100,435400,116,711
431000,433700,432000,434700,116,712
428400,434400,429400,435400,115,713
430900,433100,431900,434100,115,714
428000,433000,429000,434000,115,715
428500,433800,429500,434800,115,716
428100,434000,429100,435000,115,717
429000,434000,430000,435000,115,718
428100,432200,429100,433200,115,719
429700,432000,430700,433000,114,720
428000,433100,429000,434100,114,721
429600,432100,430600,433100,114,722
428900,434300,429900,435300,114,723
428400,432300,429400,433300,114,724
429300,434900,430300,435900,114,725
428000,432200,429000,433200,114,726
428400,434200,429400,435200,113,727
429000,434400,430000,435400,113,728
428100,434200,429100,435200,113,729
429400,434600,430400,435600,113,730
429200,432400,430200,433400,113,731
428100,433700,429100,434700,113,732
428100,433800,429100,434800,113,733
428600,434300,429600,435300,113,734
428900,434100,429900,435100,112,735
429500,434600,430500,435600,112,736
428100,433600,429100,434600,112,737
428700,432500,429700,433500,112,738
428700,434400,429700,435400,112,739
428100,433900,429100,434900,111,740
429900,432100,430900,433100,111,741
428000,433300,429000,434300,111,742
428600,432500,429600,433500,111,743
429500,432100,430500,433100,111,744
428100,434300,429100,435300,111,745
428900,434400,429900,435400,111,746
428200,434000,429200,435000,110,747
429800,434800,430800,435800,110,748
429200,434900,430200,435900,110,749
428200,432200,429200,433200,110,750
429600,432000,430600,433000,110,751
431000,433300,432000,434300,110,752
429400,432300,430400,433300,109,753
428300,432200,429300,433200,109,754
428900,433900,429900,434900,109,755
429400,434500,430400,435500,109,756
428500,432400,429500,433400,109,757
429000,434900,430000,435900,109,758
430800,432800,431800,433800,109,759
429500,432000,430500,433000,109,760
428800,434400,429800,435400,108,761
428200,434300,429200,435300,108,762
428100,434100,429100,435100,108,763
428000,433200,429000,434200,108,764
428000,433500,429000,434500,108,765
429700,432200,430700,433200,108,766
428900,434200,429900,435200,108,767
428200,432100,429200,433100,108,768
428300,432100,429300,433100,108,769
429200,434400,430200,435400,107,770
428600,433800,429600,434800,107,771
428700,434300,429700,435300,107,772
428300,434300,429300,435300,107,773
428200,433900,429200,434900,107,774
430400,432400,431400,433400,107,775
428900,432500,429900,433500,106,776
428800,434300,429800,435300,106,777
429500,434700,430500,435700,106,778
429500,434500,430500,435500,106,779
430900,433000,431900,434000,106,780
429800,435000,430800,436000,106,781
429400,434700,430400,435700,106,782
429800,434900,430800,435900,106,783
428400,433800,429400,434800,106,784
430800,432700,431800,433700,105,785
428300,434000,429300,435000,105,786
430500,432400,431500,433400,105,787
428300,433900,429300,434900,105,788
429500,434400,430500,435400,105,789
428400,434100,429400,435100,105,790
429900,432200,430900,433200,105,791
428500,432300,429500,433300,105,792
428500,434400,429500,435400,105,793
430200,432300,431200,433300,105,794
428100,432100,429100,433100,104,795
429300,432300,430300,433300,104,796
429400,432000,430400,433000,104,797
429400,432100,430400,433100,104,798
428800,433900,429800,434900,104,799
428200,434200,429200,435200,104,800
429600,435000,430600,436000,104,801
428400,432100,429400,433100,104,802
428400,432200,429400,433200,104,803
430600,432400,431600,433400,103,804
430000,432100,431000,433100,102,805
428000,432100,429000,433100,102,806
429600,432200,430600,433200,102,807
428300,434200,429300,435200,102,808
429100,435000,430100,436000,102,809
429700,434700,430700,435700,102,810
429900,432000,430900,433000,102,811
429400,434400,430400,435400,101,812
429500,434800,430500,435800,101,813
429700,435000,430700,436000,101,814
428500,434300,429500,435300,101,815
428600,434200,429600,435200,101,816
428100,434400,429100,435400,100,817
429600,434600,430600,435600,100,818
428800,434100,429800,435100,100,819
429100,432400,430100,433400,100,820
429600,434900,430600,435900,99,821
428200,434100,429200,435100,99,822
429400,434800,430400,435800,99,823
429700,434800,430700,435800,98,824
428700,434200,429700,435200,98,825
428200,434400,429200,435400,98,826
429500,432200,430500,433200,98,827
429600,434800,430600,435800,98,828
428500,434200,429500,435200,98,829
428900,434000,429900,435000,97,830
428800,432500,429800,433500,97,831
428300,434400,429300,435400,97,832
429300,432000,430300,433000,97,833
430000,432000,431000,433000,97,834
429700,434900,430700,435900,97,835
428300,434100,429300,435100,97,836
431000,433200,432000,434200,96,837
428600,434100,429600,435100,96,838
430000,432200,431000,433200,96,839
429300,432100,430300,433100,96,840
429600,434700,430600,435700,96,841
428800,434200,429800,435200,96,842
428500,432100,429500,433100,96,843
429600,434500,430600,435500,96,844
430800,432600,431800,433600,95,845
428500,432200,429500,433200,95,846
428700,434100,429700,435100,94,847
429600,434400,430600,435400,94,848
428500,434100,429500,435100,93,849
429300,435000,430300,436000,93,850
429200,435000,430200,436000,93,851
429500,435000,430500,436000,93,852
428400,434000,429400,435000,93,853
429000,435000,430000,436000,92,854
429200,432100,430200,433100,91,855
430300,432300,431300,433300,91,856
429400,432200,430400,433200,91,857
428700,433900,429700,434900,91,858
429100,432100,430100,433100,90,859
430900,432900,431900,433900,90,860
431000,433100,432000,434100,90,861
429200,432000,430200,433000,90,862
428300,432000,429300,433000,88,863
428200,432000,429200,433000,88,864
430500,432300,431500,433300,87,865
430800,432500,431800,433500,87,866
429400,435000,430400,436000,87,867
430400,432300,431400,433300,87,868
429200,432300,430200,433300,87,869
429500,434900,430500,435900,87,870
428600,433900,429600,434900,86,871
430100,432100,431100,433100,86,872
429000,432100,430000,433100,86,873
429100,432000,430100,433000,86,874
428000,432000,429000,433000,86,875
429400,434900,430400,435900,85,876
428800,434000,429800,435000,85,877
429300,432200,430300,433200,85,878
430100,432200,431100,433200,85,879
428100,432000,429100,433000,85,880
430600,432300,431600,433300,85,881
428400,432000,429400,433000,85,882
430900,432800,431900,433800,85,883
428600,434000,429600,435000,84,884
429000,432400,430000,433400,84,885
430700,432400,431700,433400,84,886
430100,432000,431100,433000,83,887
430900,432700,431900,433700,83,888
428500,433900,429500,434900,82,889
428700,434000,429700,435000,82,890
429100,432300,430100,433300,82,891
429000,432000,430000,433000,81,892
428500,434000,429500,435000,81,893
431000,433000,432000,434000,81,894
429200,432200,430200,433200,80,895
428400,433900,429400,434900,80,896
428500,432000,429500,433000,79,897
428600,432400,429600,433400,77,898
429100,432200,430100,433200,77,899
430200,432200,431200,433200,76,900
428900,432100,429900,433100,75,901
430300,432200,431300,433200,75,902
430500,432200,431500,433200,74,903
428700,432400,429700,433400,74,904
430600,432200,431600,433200,74,905
428900,432000,429900,433000,74,906
428600,432300,429600,433300,74,907
430900,432600,431900,433600,74,908
429000,432200,430000,433200,73,909
429000,432300,430000,433300,73,910
428700,432300,429700,433300,73,911
428700,432100,429700,433100,73,912
430400,432200,431400,433200,72,913
430200,432100,431200,433100,72,914
428700,432000,429700,433000,71,915
430300,432100,431300,433100,70,916
428600,432100,429600,433100,69,917
428600,432200,429600,433200,69,918
430200,432000,431200,433000,69,919
428700,432200,429700,433200,69,920
430700,432300,431700,433300,68,921
428800,432100,429800,433100,68,922
428800,432000,429800,433000,67,923
431000,432900,432000,433900,67,924
430600,432100,431600,433100,66,925
430500,432100,431500,433100,66,926
430900,432500,431900,433500,66,927
430300,432000,431300,433000,66,928
428600,432000,429600,433000,66,929
430600,432000,431600,433000,65,930
430500,432000,431500,433000,65,931
431000,432800,432000,433800,65,932
430400,432100,431400,433100,64,933
431000,432700,432000,433700,64,934
430400,432000,431400,433000,62,935
430800,432400,431800,433400,62,936
430700,432200,431700,433200,58,937
428900,432200,429900,433200,58,938
431000,432600,432000,433600,57,939
428800,432200,429800,433200,54,940
428800,432400,429800,433400,53,941
430800,432300,431800,433300,52,942
430900,432200,431900,433200,51,943
428900,432300,429900,433300,51,944
430900,432400,431900,433400,51,945
430700,432100,431700,433100,50,946
430700,432000,431700,433000,50,947
428800,432300,429800,433300,50,948
430800,432200,431800,433200,49,949
430900,432300,431900,433300,49,950
428900,432400,429900,433400,48,951
430900,432000,431900,433000,45,952
431000,432500,432000,433500,44,953
431000,432300,432000,433300,44,954
431000,432200,432000,433200,43,955
430800,432000,431800,433000,43,956
430900,432100,431900,433100,42,957
431000,432000,432000,433000,41,958
430800,432100,431800,433100,40,959
431000,432100,432000,433100,38,960
431000,432400,432000,433400,38,961
