accident_id,arc_id,arc_length,distance_to_nearest_vertex,fraction_from_nearest_intersection
0,"(788, 797)",6.551434118317687,2.6001881792428962,0.3968883960800001
1,"(163, 880)",48.13196387994077,9.949074507788321,0.20670410483571908
74,"(163, 880)",48.13196387994077,2.330222850196441,0.048413209484011364
153,"(163, 880)",48.13196387994077,0.9834578565477192,0.0204325312592861
160,"(163, 880)",48.13196387994077,4.562014533219316,0.09478139193735576
192,"(163, 880)",48.13196387994077,2.7535112353739217,0.05720753971814271
198,"(163, 880)",48.13196387994077,5.900235100422177,0.12258454932650542
234,"(163, 880)",48.13196387994077,1.8684845459477553,0.038820035488442955
304,"(163, 880)",48.13196387994077,5.883146247504572,0.12222950765481652
377,"(163, 880)",48.13196387994077,12.202227256964797,0.2535160893788116
445,"(163, 880)",48.13196387994077,20.270000579097623,0.42113387747191516
451,"(163, 880)",48.13196387994077,17.593559444717783,0.36552756269415354
2,"(347, 348)",15.590346590509068,0.799624884139552,0.051289743912835105
197,"(347, 348)",15.590346590509068,1.9246331670600794,0.12345031304382534
3,"(454, 455)",6.774285839566745,1.6482043332583416,0.2433030392121384
170,"(454, 455)",6.774285839566745,3.3720084397392305,0.4977658929070064
209,"(454, 455)",6.774285839566745,0.0,0.0
281,"(454, 455)",6.774285839566745,3.040976792480314,0.4488999821529235
301,"(454, 455)",6.774285839566745,0.0,0.0
375,"(454, 455)",6.774285839566745,1.8547416934736993,0.2737914722524199
419,"(454, 455)",6.774285839566745,0.09271068398056556,0.01368567642054132
423,"(454, 455)",6.774285839566745,0.0,0.0
4,"(180, 181)",15.64473792150133,3.506897301163318,0.22415826450781368
5,"(348, 349)",30.59462394232116,13.227184294882058,0.43233688114025354
101,"(348, 349)",30.59462394232116,10.921456403459887,0.35697305592151346
276,"(348, 349)",30.59462394232116,3.6414991504458163,0.11902415134472616
6,"(15, 1141)",11.606143101233258,1.8144272317325822,0.15633335001183837
50,"(15, 1141)",11.606143101233258,4.8014665065663955,0.41370043990377786
310,"(15, 1141)",11.606143101233258,0.5941753405352665,0.0511949004378664
7,"(349, 350)",11.79735643207444,0.0,0.0
180,"(349, 350)",11.79735643207444,0.0,0.0
8,"(766, 767)",5.927496259195471,2.543842250732673,0.4291596551893808
9,"(341, 342)",2.864411559905993,1.3746266452762896,0.4798984421503324
10,"(305, 318)",6.047566424693529,1.2177359114752155,0.20135965873858533
11,"(1155, 1160)",5.60019181128777,0.0,0.0
12,"(271, 576)",52.06988760454027,19.062989982194967,0.366103920311377
107,"(271, 576)",52.06988760454027,2.448223756209733,0.047018034200562754
13,"(830, 831)",9.791877055485864,3.5972320413861465,0.3673689958526195
14,"(1219, 1220)",5.944802128610324,2.1271173294067833,0.35781129184597854
15,"(483, 486)",22.91127168186058,3.249978178869799,0.14185062374529334
16,"(350, 1252)",11.272647164910618,0.16495575569870072,0.014633275865510395
47,"(350, 1252)",11.272647164910618,0.0,0.0
141,"(350, 1252)",11.272647164910618,0.0,0.0
220,"(350, 1252)",11.272647164910618,1.6219757975814257,0.14388597228788422
271,"(350, 1252)",11.272647164910618,0.0,0.0
17,"(33, 34)",33.342239357322896,4.549627726358788,0.13645237434718258
176,"(33, 34)",33.342239357322896,3.6400299358949306,0.10917172949559183
18,"(770, 771)",7.111519040726978,1.605322204253208,0.22573548563389678
19,"(1085, 1086)",13.736326550604572,5.588945291028674,0.4068733566022198
20,"(453, 454)",20.271336837630898,0.0,0.0
249,"(453, 454)",20.271336837630898,1.2656920752109573,0.06243752374837841
21,"(1142, 1143)",10.135524869711304,0.0,0.0
219,"(1142, 1143)",10.135524869711304,0.0,0.0
237,"(1142, 1143)",10.135524869711304,0.0,0.0
332,"(1142, 1143)",10.135524869711304,0.0,0.0
359,"(1142, 1143)",10.135524869711304,0.0,0.0
403,"(1142, 1143)",10.135524869711304,0.0,0.0
22,"(36, 351)",9.221204147214612,0.0,0.0
227,"(36, 351)",9.221204147214612,1.690275940572507,0.18330316882563297
233,"(36, 351)",9.221204147214612,2.9379694759075834,0.31861017596004926
23,"(254, 440)",20.492826168751158,9.556922866174038,0.46635455683253085
24,"(20, 500)",20.041514548663894,2.0302584777509383,0.10130264720369096
25,"(165, 166)",21.6112258079248,5.869216893816288,0.2715818596307506
154,"(165, 166)",21.6112258079248,1.8145259853311393,0.08396219638155628
26,"(64, 1012)",8.213973567483173,0.6688217977177291,0.08142487825446722
27,"(979, 980)",12.655511113187561,2.230871195554517,0.1762766573078078
422,"(979, 980)",12.655511113187561,0.17522683273945536,0.013845891420130936
28,"(1180, 1181)",24.656241638157272,12.028660196945932,0.4878545714092424
255,"(1180, 1181)",24.656241638157272,3.3945632756334962,0.13767561680528675
29,"(83, 84)",18.11625362015588,7.879352378148727,0.43493277050296286
30,"(547, 548)",10.594440019553959,5.060645748625774,0.4776699607799407
31,"(878, 879)",2.9570420774572916,0.0,0.0
78,"(878, 879)",2.9570420774572916,0.0,0.0
205,"(878, 879)",2.9570420774572916,0.0,0.0
235,"(878, 879)",2.9570420774572916,0.0,0.0
280,"(878, 879)",2.9570420774572916,0.0,0.0
282,"(878, 879)",2.9570420774572916,0.0,0.0
297,"(878, 879)",2.9570420774572916,0.0,0.0
449,"(878, 879)",2.9570420774572916,0.0,0.0
32,"(943, 944)",12.45446512037834,0.0,0.0
82,"(943, 944)",12.45446512037834,0.0,0.0
252,"(943, 944)",12.45446512037834,0.0,0.0
262,"(943, 944)",12.45446512037834,0.0,0.0
321,"(943, 944)",12.45446512037834,0.0,0.0
391,"(943, 944)",12.45446512037834,0.0,0.0
33,"(336, 337)",27.093960524574882,1.5615353537599554,0.05763407503098725
158,"(336, 337)",27.093960524574882,2.4164152239119576,0.08918648942889727
34,"(88, 89)",6.774699009189299,2.2799173700746542,0.33653412011103984
35,"(973, 974)",14.419350162675858,7.023034062744822,0.48705621151525796
138,"(973, 974)",14.419350162675858,0.03682080626661645,0.0025535690479260445
36,"(62, 65)",11.204329551354336,4.323347159333818,0.38586397691339136
52,"(62, 65)",11.204329551354336,1.3336559793531044,0.11903041348796255
59,"(62, 65)",11.204329551354336,3.3267834326542443,0.296919455769856
396,"(62, 65)",11.204329551354336,5.237081309833023,0.46741585793502344
433,"(62, 65)",11.204329551354336,5.237081309833023,0.46741585793502344
37,"(868, 869)",8.502969939089986,3.42134479891395,0.402370562688372
116,"(868, 869)",8.502969939089986,0.07135975129297696,0.008392332538413524
38,"(1060, 1061)",10.497613164391852,0.40817758202011134,0.03888289419967
39,"(57, 58)",16.80205169567665,4.361725446702503,0.2595948117350944
40,"(1177, 1178)",21.18517541673713,2.686710363658312,0.12682030291501406
41,"(340, 517)",47.756253717758945,5.5337119861958985,0.1158740804691323
42,"(518, 519)",8.462695001065908,4.089350484476218,0.48322082787588927
258,"(518, 519)",8.462695001065908,2.737495265221165,0.32347795411229724
289,"(518, 519)",8.462695001065908,0.9290348542623921,0.10978002328399837
43,"(1096, 1097)",22.669254651816953,8.337356097782527,0.36778254185407383
245,"(1096, 1097)",22.669254651816953,10.10436821615294,0.44573005911965746
44,"(1058, 1059)",23.61843519842507,10.544065153530347,0.4464336889784065
86,"(1058, 1059)",23.61843519842507,3.696706974395783,0.1565178617185565
357,"(1058, 1059)",23.61843519842507,0.010398220501844095,0.000440258654499578
45,"(160, 161)",6.695530266475456,3.120324613474164,0.4660309922124676
46,"(558, 559)",5.0609359157968035,1.053340914857612,0.20813164449875712
48,"(780, 1211)",14.391312033542897,3.776073763383189,0.26238565007707526
49,"(1210, 1211)",6.137951746277461,0.04601514376796262,0.007496823968332731
51,"(926, 927)",11.6812125807464,0.30917218722212847,0.02646747373913241
53,"(271, 574)",69.17564479428255,5.729980308093781,0.08283233680197472
54,"(24, 37)",7.748339614901811,0.39798029957787895,0.05136330095966273
55,"(344, 345)",19.11913653149379,3.991091585464152,0.20874852684324263
229,"(344, 345)",19.11913653149379,4.762942697495552,0.2491191320094318
56,"(872, 873)",5.126381548699016,2.002145688165584,0.39055729058514826
57,"(8, 1033)",19.571628288617404,0.9138465844977223,0.046692414704667326
58,"(50, 1031)",12.13766034215154,0.25358316526168734,0.020892260791072426
213,"(50, 1031)",12.13766034215154,6.040286140678376,0.4976483086861257
372,"(50, 1031)",12.13766034215154,3.3813324667326157,0.2785818989340112
442,"(50, 1031)",12.13766034215154,2.3792699815283362,0.19602377348339797
60,"(837, 838)",19.65953493340925,1.5120322031749005,0.07691088361430999
61,"(13, 14)",9.256311734357109,4.096594080299115,0.44257304614035253
62,"(485, 845)",22.44496928365086,10.397148838623247,0.4632284725912561
63,"(15, 16)",7.995274858170536,2.6592907344625507,0.33260779418295633
244,"(15, 16)",7.995274858170536,0.9678243344182867,0.12104953883220752
64,"(107, 108)",32.375213075775996,14.490004946119651,0.44756477469986017
65,"(376, 378)",5.389348224055763,2.395205706481968,0.444433279666507
214,"(376, 378)",5.389348224055763,0.4417850562786188,0.08197374485966184
66,"(903, 904)",1.0429454898742159,0.3057164288330344,0.293127907259952
67,"(38, 39)",7.745022539194565,2.208717380001516,0.28517894800487037
68,"(1266, 1267)",21.825021696567156,3.3062645314665664,0.1514896332032791
69,"(198, 199)",7.372214896038288,3.3890715084331395,0.45970872474897245
70,"(767, 768)",8.922385304909797,2.229148307299678,0.24983770943774705
71,"(654, 655)",21.743372779899676,0.0,0.0
72,"(1269, 1270)",12.544114238227221,3.6327495342813276,0.28959793137173473
73,"(784, 785)",4.518386196426333,1.3020927433623364,0.2881765052292748
75,"(846, 1044)",10.939459819467524,4.634832226443573,0.4236801727810699
76,"(1276, 1277)",17.90358361680712,5.285764503075373,0.2952349996630464
394,"(1276, 1277)",17.90358361680712,0.4203308459167234,0.02347746992519055
77,"(164, 165)",3.6181255981644327,0.6492077082425123,0.1794320541475597
79,"(1044, 1074)",16.107916895617997,0.8111921600607778,0.050359842636229064
80,"(482, 483)",13.998702832715608,3.4128170086762437,0.2437952322768317
156,"(482, 483)",13.998702832715608,2.2109124293978244,0.15793695000302607
81,"(819, 833)",13.51197234853132,0.01577001610221468,0.0011671142965245039
105,"(819, 833)",13.51197234853132,4.538895827193106,0.33591660122709327
218,"(819, 833)",13.51197234853132,4.014936910305402,0.29713921896397344
325,"(819, 833)",13.51197234853132,4.994320069192005,0.3696218390896027
343,"(819, 833)",13.51197234853132,4.994320069192005,0.3696218390896027
383,"(819, 833)",13.51197234853132,5.538687550744497,0.40990962739399944
83,"(330, 331)",3.5397539384342838,1.642667243387749,0.46406255122759726
84,"(20, 21)",2.3590506824569077,0.928168788629269,0.3934501261594763
85,"(167, 168)",24.490200091960123,10.174903068366014,0.4154683518370407
207,"(167, 168)",24.490200091960123,11.196019931407045,0.45716326895518433
323,"(167, 168)",24.490200091960123,0.8170804986190819,0.03336356973609705
402,"(167, 168)",24.490200091960123,8.327053240145693,0.34001572910298017
87,"(767, 769)",10.009659479155749,1.1104581913891842,0.11093865817329925
88,"(690, 691)",7.435292281608773,1.2849336583043232,0.17281548722470697
89,"(36, 341)",12.880700838942232,1.1185807793907476,0.08684160849454259
212,"(36, 341)",12.880700838942232,4.990767819196199,0.3874608906456089
319,"(36, 341)",12.880700838942232,0.0,0.0
90,"(154, 155)",11.409316171598691,0.0,0.0
97,"(154, 155)",11.409316171598691,0.0,0.0
173,"(154, 155)",11.409316171598691,3.8705759498190915,0.33924697077412486
324,"(154, 155)",11.409316171598691,0.0,0.0
91,"(936, 937)",7.880115430232436,1.2765814837839224,0.1620003533052647
92,"(0, 568)",8.10872595142815,1.2372955149871396,0.15258815286132846
93,"(545, 546)",11.166759825778286,4.906441744644638,0.4393791772361931
94,"(971, 1190)",18.85354343311095,4.327492523000777,0.22953205260082585
140,"(971, 1190)",18.85354343311095,1.5558671372088777,0.08252385779515772
95,"(814, 815)",1.7587619882009513,0.0,0.0
164,"(814, 815)",1.7587619882009513,0.0,0.0
273,"(814, 815)",1.7587619882009513,0.0,0.0
96,"(109, 110)",3.541812031541071,0.8908838823522459,0.25153336044335906
98,"(104, 105)",21.666168556852867,9.441173185750438,0.43575647263042533
99,"(1105, 1106)",24.506795329470165,3.811253317378437,0.1555182252979152
172,"(1105, 1106)",24.506795329470165,1.8588723036200263,0.07585130077716347
334,"(1105, 1106)",24.506795329470165,10.102226252889915,0.41222143152849045
437,"(1105, 1106)",24.506795329470165,2.0756407606956047,0.08469653958384284
100,"(111, 142)",23.521641396827214,0.0,0.0
110,"(111, 142)",23.521641396827214,0.0,0.0
430,"(111, 142)",23.521641396827214,4.524108142924669,0.19233811393514894
434,"(111, 142)",23.521641396827214,8.557346279208126,0.3638073608401499
441,"(111, 142)",23.521641396827214,6.763726863188915,0.28755335348753597
443,"(111, 142)",23.521641396827214,2.90299416695131,0.12341800973731745
102,"(133, 134)",29.926363346779493,8.695273714425266,0.29055564198250644
103,"(693, 694)",4.54599908129174,1.7529725105815763,0.38560775733449365
104,"(862, 863)",6.713669835475236,3.0420759782858746,0.4531167085714362
106,"(974, 975)",13.721119253318378,5.973216293404553,0.4353301055932418
146,"(974, 975)",13.721119253318378,6.754476583986953,0.49226863051667014
108,"(19, 1151)",7.605354382466741,0.08598085254892256,0.011305305213277293
109,"(288, 289)",40.43493432401855,9.383817745937252,0.23207204123893477
111,"(850, 851)",46.723660872202075,2.3941555007635964,0.05124075160360525
112,"(861, 862)",2.601163731162142,1.0768135077156307,0.4139737513695589
438,"(861, 862)",2.601163731162142,0.9291259060989812,0.3571962406548966
113,"(433, 434)",6.469898605404588,0.0819490786336362,0.012666207560838829
114,"(173, 174)",2.830808831813373,1.1395663213506226,0.4025585580148956
115,"(149, 150)",11.07143907188754,3.8002577375948805,0.34324876042938696
117,"(108, 109)",8.860081412604556,0.3664519365932961,0.04135988367691217
118,"(414, 1300)",49.751587558590025,13.134580178960261,0.26400323735382925
145,"(414, 1300)",49.751587558590025,15.103564573696287,0.3035795502185645
296,"(414, 1300)",49.751587558590025,19.392390105015508,0.3897843477291661
119,"(78, 79)",45.647226198720006,17.965398485288606,0.39357043091902866
132,"(78, 79)",45.647226198720006,22.820002168903198,0.49992089485479174
240,"(78, 79)",45.647226198720006,22.806686135708883,0.4996291787023941
242,"(78, 79)",45.647226198720006,20.89870014488262,0.4578306697958493
308,"(78, 79)",45.647226198720006,22.32788378395023,0.4891399903851404
120,"(351, 352)",46.12072993752287,21.746808539844906,0.47151917520178177
121,"(244, 245)",16.742744663818236,3.2932275242738567,0.19669579811431143
122,"(715, 716)",4.959666769493105,1.5109370825953405,0.3046448789441077
123,"(390, 391)",14.631234328324876,6.4522835057607475,0.44099379184090115
124,"(844, 1142)",65.84454111050512,26.787253018112793,0.4068257226237854
125,"(875, 876)",2.592492913759254,0.9852751779610007,0.3800493234646103
126,"(446, 447)",15.369034532953473,0.0,0.0
195,"(446, 447)",15.369034532953473,1.4347334245078256,0.09335221554948984
411,"(446, 447)",15.369034532953473,4.202053455135382,0.2734103724033908
127,"(995, 996)",25.15106380093406,0.0,0.0
128,"(119, 120)",8.220681721832058,3.40526454228026,0.41423140531480934
129,"(779, 796)",12.081175097256367,1.6186525071006295,0.13398137963154141
292,"(779, 796)",12.081175097256367,5.965462548093994,0.4937816479001906
412,"(779, 796)",12.081175097256367,1.0054871839138926,0.08322759796290334
130,"(142, 143)",16.058543836369036,6.2625956649818955,0.389985276921467
131,"(55, 56)",12.875817013467628,2.455007829746624,0.1906681204912105
133,"(813, 1203)",41.71562760438019,1.3714413883571988,0.03287596201029457
134,"(62, 75)",13.70496055120035,5.911597468363219,0.4313472808825744
226,"(62, 75)",13.70496055120035,2.083502604016575,0.15202543606257163
291,"(62, 75)",13.70496055120035,6.277345828255568,0.45803457841443884
395,"(62, 75)",13.70496055120035,6.716934014306485,0.49010969343638006
135,"(64, 1016)",10.032815866582624,4.958109829976161,0.494189258121508
179,"(64, 1016)",10.032815866582624,1.1512146016815505,0.11474491478668761
136,"(537, 538)",7.741097346304512,2.474791765810421,0.31969521310720256
283,"(537, 538)",7.741097346304512,0.0,0.0
137,"(115, 116)",23.0571053192488,11.241798064666732,0.4875632872822818
139,"(563, 564)",6.2412293404194745,1.4579765789810257,0.23360407052163137
142,"(559, 569)",14.106281537049982,3.3793812867238624,0.23956570538082322
151,"(559, 569)",14.106281537049982,3.3793812867238624,0.23956570538082322
143,"(343, 344)",27.000898122999853,12.912094342117069,0.47820980929216994
257,"(343, 344)",27.000898122999853,12.696681333450984,0.47023181509046624
144,"(62, 64)",12.29889824456137,0.4861100627477289,0.03952468368153945
147,"(886, 887)",29.575149152368585,1.5942332322029598,0.053904486634694875
168,"(886, 887)",29.575149152368585,0.0,0.0
415,"(886, 887)",29.575149152368585,6.115607980738029,0.2067819827122748
420,"(886, 887)",29.575149152368585,0.0,0.0
148,"(143, 144)",19.43585930296623,8.858903818222224,0.45580201421144323
363,"(143, 144)",19.43585930296623,0.18246256669014463,0.00938793411939846
149,"(852, 853)",36.312134877566386,14.234598984569113,0.39200666753865904
150,"(127, 128)",26.964090724281768,10.537995527370331,0.39081590531367816
152,"(819, 820)",9.822921244847093,3.094415862688337,0.31501991979337157
191,"(819, 820)",9.822921244847093,4.790597022469354,0.4876957580192761
155,"(1110, 1111)",8.011049688212955,0.09567370584387837,0.011942717816948223
406,"(1110, 1111)",8.011049688212955,0.7669414077294515,0.09573544511375201
157,"(664, 665)",5.741015213348648,0.15641015253213317,0.02724433688460851
159,"(262, 263)",73.99937576797619,6.5212797383048295,0.08812614526306538
161,"(190, 191)",20.779219502848097,6.385282451439495,0.3072917368510544
162,"(798, 799)",8.139313802686265,3.442498360906416,0.4229470007373678
163,"(35, 36)",10.63458561454475,2.8387321854608727,0.26693397263908286
186,"(35, 36)",10.63458561454475,0.0,0.0
196,"(35, 36)",10.63458561454475,2.2711303170224353,0.21356077230844303
165,"(28, 29)",59.014084851713115,22.18599458351114,0.37594405876594905
166,"(1064, 1065)",16.876138829148545,7.746912991588055,0.4590453462143575
167,"(110, 111)",4.0009589552023455,0.0,0.0
187,"(110, 111)",4.0009589552023455,1.809855291595795,0.45235537576372437
169,"(838, 839)",34.59209780948504,4.914105758145228,0.142058622324946
171,"(1253, 1254)",66.02088315856756,10.137020712421775,0.15354264025936903
347,"(1253, 1254)",66.02088315856756,4.254088046427474,0.06443549136127269
174,"(177, 888)",12.331206068782743,5.642986586438483,0.4576183833894459
211,"(177, 888)",12.331206068782743,4.623960824071243,0.37498041945605814
386,"(177, 888)",12.331206068782743,4.623960824071243,0.37498041945605814
425,"(177, 888)",12.331206068782743,4.623960824071243,0.37498041945605814
432,"(177, 888)",12.331206068782743,4.623960824071243,0.37498041945605814
175,"(1045, 1046)",19.422721872127962,3.537878307005449,0.18215151976625807
177,"(81, 82)",8.975676028008223,0.0,0.0
178,"(880, 881)",5.0493560994355775,0.9600264760289641,0.19012849502459866
374,"(880, 881)",5.0493560994355775,0.7246776274598176,0.14351881966510993
181,"(272, 716)",4.323450827495503,0.21304220408054225,0.049275963248078335
182,"(929, 930)",5.919335333423019,0.0,0.0
183,"(1192, 1193)",13.202927160412647,5.715309877317829,0.432882027438164
190,"(1192, 1193)",13.202927160412647,5.650485213228438,0.42797215682373246
184,"(909, 910)",18.289862459717803,4.197077612223354,0.22947562462359333
185,"(260, 261)",26.55506856067206,2.9419704448161297,0.11078752962337199
188,"(429, 430)",26.7347047065324,10.083108290016508,0.37715427945432983
189,"(168, 169)",39.280901372232215,17.80976806285622,0.45339509636217257
215,"(168, 169)",39.280901372232215,15.625813408508913,0.39779671195516014
193,"(870, 871)",10.58594983025457,3.816556549907473,0.3605303833010602
254,"(870, 871)",10.58594983025457,4.345203803018335,0.41046895863796495
311,"(870, 871)",10.58594983025457,3.02727503766573,0.2859710357793119
194,"(217, 226)",31.41977283688266,12.884399176195577,0.41007295765903806
199,"(157, 158)",3.4182341612030807,1.421616750166451,0.41589214873041325
200,"(1047, 1048)",29.218556108125146,4.029715811328188,0.1379163226415421
201,"(1035, 1036)",3.78303069941087,0.6077578295127465,0.16065368689907603
202,"(786, 787)",8.04840831240119,1.8981271557932278,0.23583882453733687
203,"(39, 363)",7.17823928290054,2.7511974117600437,0.3832691142399974
204,"(1178, 1179)",20.339756682487998,2.328368099714233,0.11447374401085621
206,"(245, 249)",23.27363811597897,1.2388764261070249,0.053230888094648605
208,"(584, 585)",13.89575276126649,4.5213693134960105,0.32537778925507616
210,"(353, 354)",54.91484478881206,15.443787212130157,0.281231555356714
216,"(1265, 1266)",6.127488160442057,2.339877876461104,0.38186575235949505
217,"(179, 1287)",5.65195653808943,0.0,0.0
337,"(179, 1287)",5.65195653808943,0.9940584197718312,0.17587863832156422
221,"(807, 808)",2.7681364755070654,1.0534465601156313,0.380561641175102
222,"(54, 55)",30.19879929395404,8.815639675957664,0.29192020484478676
223,"(14, 74)",15.271002906172617,1.1933712521898612,0.0781462265132236
339,"(14, 74)",15.271002906172617,1.9604170438986048,0.12837513396754016
224,"(24, 25)",22.989030852017386,9.96963345998995,0.43366914961163194
373,"(24, 25)",22.989030852017386,8.894583814967781,0.3869055582300566
225,"(815, 816)",20.706738261848013,1.093540583399478,0.05281085652269615
228,"(48, 49)",6.904230720987279,0.0,0.0
230,"(1286, 1298)",10.344858431056169,1.504031557510942,0.14538928372337198
358,"(1286, 1298)",10.344858431056169,0.9069669474927949,0.08767321017849804
231,"(11, 12)",5.010905976447083,2.4893617384866795,0.49678875440638953
232,"(827, 828)",15.473499919708273,1.7300451918188338,0.11180697326370949
247,"(827, 828)",15.473499919708273,1.059413908061971,0.06846634010141545
236,"(414, 850)",39.87416144797067,2.1939392777246125,0.055021577835244216
248,"(414, 850)",39.87416144797067,3.503518773511621,0.087864387520303
314,"(414, 850)",39.87416144797067,4.6517579354384795,0.11666095954163878
322,"(414, 850)",39.87416144797067,8.760693581212498,0.21970853462696102
340,"(414, 850)",39.87416144797067,3.503518773511621,0.087864387520303
390,"(414, 850)",39.87416144797067,3.503518773511621,0.087864387520303
435,"(414, 850)",39.87416144797067,3.503518773511621,0.087864387520303
238,"(824, 825)",10.410324366152867,2.6595229481325995,0.2554697485488078
239,"(952, 953)",15.296286423567256,1.8792003954073784,0.12285337390858879
279,"(952, 953)",15.296286423567256,5.036441644772255,0.32925910938831016
241,"(458, 459)",20.633980173037582,9.895646926541202,0.4795801315866263
243,"(445, 1116)",8.86738733539436,4.21678848793407,0.47553899795294513
246,"(843, 844)",78.06230537402237,0.0,0.0
350,"(843, 844)",78.06230537402237,25.501876731845805,0.32668618496030655
250,"(65, 66)",16.117152878682383,6.789771010394053,0.4212760815450634
251,"(130, 156)",10.525573538782853,0.48758286775349424,0.046323638893114125
371,"(130, 156)",10.525573538782853,3.9302877208222133,0.3734036635952002
416,"(130, 156)",10.525573538782853,2.1557007697499,0.20480601477980642
253,"(554, 559)",9.451577930895725,4.470429190975948,0.47298231297049526
256,"(975, 976)",27.4619977940012,4.225729484731169,0.15387553070353235
448,"(975, 976)",27.4619977940012,1.2133681595103465,0.04418353568491636
450,"(975, 976)",27.4619977940012,1.2454769726731343,0.04535274461879086
259,"(884, 885)",18.39002061687593,2.4201053788912597,0.1315988398985484
260,"(696, 706)",22.857492405466438,9.568582800324055,0.41861909568154115
261,"(1182, 1183)",13.93021832402381,2.505988856876951,0.17989587805348078
263,"(603, 604)",19.184515852488204,0.5878012071481188,0.030639355804847262
264,"(567, 1144)",18.121610046721873,8.80516754433242,0.4858932248089755
265,"(238, 239)",27.626185400657352,0.5956989975888004,0.021562839347868346
266,"(335, 336)",12.568368460711158,2.05199618389911,0.1632667112134459
306,"(335, 336)",12.568368460711158,6.012103710929358,0.47835196188934564
267,"(1136, 1137)",18.73135836979643,7.552919555145444,0.40322326902485767
268,"(421, 853)",15.742572926228409,4.696891660046571,0.29835603633896257
269,"(1176, 1177)",26.485064662701895,0.0,0.0
270,"(58, 59)",1.0679336066354563,0.5144776041767503,0.48175055170107534
278,"(58, 59)",1.0679336066354563,0.07136183744703876,0.06682235394002208
272,"(950, 951)",16.686787471733325,1.3625554295211901,0.08165474821497537
370,"(950, 951)",16.686787471733325,6.2974617937292265,0.3773921016490949
274,"(483, 496)",59.471392185848245,0.9110563802645386,0.01531923748173719
275,"(941, 942)",4.067825125408832,0.4040737371729264,0.0993340973900188
277,"(1133, 1134)",7.642752724605034,1.7563157696476641,0.2298014645944767
284,"(1275, 1276)",13.997193137931044,5.741514084580095,0.4101903880300934
285,"(949, 950)",15.453730393827561,1.400443542366292,0.09062171441308753
326,"(949, 950)",15.453730393827561,0.4608491691357393,0.029821224868774015
286,"(707, 708)",3.1213239920830977,0.3668943055187138,0.11754444794878767
309,"(707, 708)",3.1213239920830977,0.3668943055187138,0.11754444794878767
408,"(707, 708)",3.1213239920830977,0.3668943055187138,0.11754444794878767
287,"(268, 269)",4.676866254561917,0.3256150873193808,0.06962249283946677
418,"(268, 269)",4.676866254561917,0.3256150873193808,0.06962249283946677
288,"(162, 163)",6.790641743772704,1.1049841979951611,0.16272161596633733
290,"(52, 53)",15.730045065557475,1.6727257260953883,0.10633953807023672
293,"(139, 516)",20.76409584164367,3.9487313651663425,0.19017112015284188
294,"(450, 451)",14.261707833424026,7.040892516012351,0.49369210183307594
295,"(1202, 1203)",40.498960555603475,1.046562782642156,0.02584171959685895
364,"(1202, 1203)",40.498960555603475,1.046562782642156,0.02584171959685895
440,"(1202, 1203)",40.498960555603475,1.046562782642156,0.02584171959685895
298,"(226, 227)",20.574765718160815,4.005923244476023,0.1947007951074795
299,"(670, 671)",8.623644859287023,1.191272610433816,0.138140267818532
342,"(670, 671)",8.623644859287023,0.26219572480751213,0.03040428137820946
300,"(953, 954)",5.781734156336631,1.4952877122543424,0.2586227024318553
302,"(980, 981)",17.895234788954987,7.895197451077919,0.441189933755486
303,"(1044, 1050)",12.013710052216831,4.18059660222016,0.34798547526529783
305,"(822, 823)",5.946777460864882,2.668762378627811,0.4487745499458582
307,"(1267, 1268)",3.150844842153341,0.01208897365492036,0.0038367403856860655
312,"(123, 124)",3.794058122506926,1.833820016574915,0.48333999041723097
414,"(123, 124)",3.794058122506926,0.0,0.0
313,"(948, 949)",6.385020304821705,1.217508855644056,0.19068206482047417
362,"(948, 949)",6.385020304821705,2.543658191915014,0.39837902942832426
315,"(987, 988)",4.9965355429680764,2.3758062548932792,0.4754907144084852
316,"(80, 81)",1.848106560745805,0.5164030941021867,0.2794227914508305
317,"(489, 490)",17.54132841747051,5.869188694893634,0.33459203061543163
318,"(546, 547)",8.26867151376132,0.46238189146231,0.055919731566646556
320,"(86, 87)",7.727631836683383,0.4283609771958826,0.05543237388231096
327,"(264, 265)",4.641637356156864,0.011196156751311567,0.0024121136340951995
407,"(264, 265)",4.641637356156864,0.011196156751311567,0.0024121136340951995
328,"(867, 868)",14.404659335779323,6.488856881784021,0.4504693051411868
329,"(1268, 1269)",10.640402687521224,0.9675003818447814,0.09092704573854518
330,"(333, 334)",8.961667817363386,3.239074780014548,0.36143660376908693
426,"(333, 334)",8.961667817363386,3.239074780014548,0.36143660376908693
331,"(845, 846)",11.91604113041324,1.7809997379073137,0.14946236912204666
333,"(1065, 1070)",39.56366395561972,12.551779850119194,0.3172552437054129
335,"(376, 377)",41.31995088867392,0.0,0.0
336,"(977, 978)",5.69374772329133,0.8407626811195299,0.1476641962340963
338,"(866, 867)",4.111570932684204,1.6188192353614683,0.3937228037324984
341,"(946, 947)",16.304833812013026,0.2344257893418532,0.014377686521964651
344,"(486, 487)",5.3088621929346465,0.9628314034672834,0.18136304324280209
345,"(1067, 1068)",8.933104471984851,3.8635927777268777,0.4325028090563038
346,"(1191, 1192)",18.252801392743624,0.8970549754989032,0.04914615330529626
348,"(1066, 1067)",13.733779532481007,2.8015556515676368,0.20399014305871385
349,"(29, 30)",9.845745710170048,3.386751089185025,0.34398116596559264
351,"(1205, 1206)",4.585545612988467,0.013674447848586582,0.0029820765079413844
352,"(504, 505)",54.264007072580846,17.723725220182633,0.3266202806673723
424,"(504, 505)",54.264007072580846,15.579050006123538,0.2870973016291586
353,"(789, 790)",8.687702159576185,2.9777703428730975,0.34275695554212726
354,"(170, 171)",2.6605820107681315,0.0,0.0
367,"(170, 171)",2.6605820107681315,0.9861664200061082,0.3706581552512993
355,"(158, 159)",16.05340495087645,3.491087696155088,0.21746711721518552
393,"(158, 159)",16.05340495087645,7.7711827610571635,0.484083145278964
356,"(548, 798)",10.316704103317123,4.748834017430519,0.46030534266303413
360,"(53, 54)",13.37394056457773,6.071949392502921,0.4540134871381969
361,"(1258, 1259)",29.924892374788232,10.692370736519118,0.3573069069925029
365,"(400, 401)",4.463511398545668,0.8262055665014854,0.18510215225857501
366,"(381, 383)",35.933611381180015,4.310066592093297,0.11994526646299362
368,"(799, 800)",12.231634733622862,3.4812794298780245,0.28461276891375187
369,"(148, 149)",30.02532374489486,12.401948413886414,0.41304961502688514
380,"(148, 149)",30.02532374489486,12.401948413886414,0.41304961502688514
376,"(826, 827)",4.372896614826852,0.735185227476069,0.16812316691488466
378,"(417, 434)",19.464998939213604,2.0634270325147237,0.10600704572132318
379,"(306, 307)",12.075468414082348,4.136617028233957,0.34256369081383675
381,"(625, 626)",3.8036586857623753,1.1431792950865665,0.30054728605530406
382,"(407, 408)",46.976807302274324,4.475662784545748,0.09527388176354558
384,"(201, 431)",10.286285208061454,0.46827474560626664,0.045524184497555596
385,"(176, 177)",10.867815142785545,4.824342186731305,0.44391095388974117
387,"(566, 572)",12.71047555850494,2.0033336721223605,0.15761280236142486
388,"(293, 294)",9.073577472802901,1.8819836699063703,0.20741363321660275
389,"(1288, 1289)",9.499541907518415,3.2690474126997366,0.3441268478548895
392,"(451, 452)",29.373861686637916,4.334837699057899,0.14757466162611516
397,"(1274, 1275)",6.488219200722159,0.3506846810870276,0.054049450278744485
398,"(455, 456)",3.071066810708999,1.238068876075866,0.403139675033654
399,"(97, 98)",5.192714428893855,0.2832380188144389,0.05454527159021411
400,"(1279, 1280)",4.777589461356553,0.597524681539554,0.12506823501111214
401,"(834, 835)",55.90809240590077,5.056478336880695,0.09044269119700843
436,"(834, 835)",55.90809240590077,5.056478336880695,0.09044269119700843
404,"(947, 948)",14.910317386952288,2.814990958070142,0.18879483816578466
405,"(379, 380)",32.56493399164777,7.300197844070529,0.2241735802671327
409,"(906, 908)",20.726016395092564,4.786500634663267,0.23094166015407563
410,"(50, 62)",13.891587447752597,6.613273621235827,0.476063203439412
413,"(51, 52)",23.75055851726518,6.94032838976181,0.2922174813159288
417,"(47, 51)",14.541201783894788,3.0780338777899736,0.21167671857762624
421,"(817, 818)",5.461879230979364,2.4345542023832047,0.44573563409725325
427,"(116, 117)",32.0209739110554,6.2434550416761185,0.1949801732770075
428,"(1208, 1209)",11.00679409412909,3.8378174511484047,0.3486771368963336
429,"(1208, 1209)",11.00679409412909,1.3342574617307097,0.12122126118834083
431,"(408, 409)",44.09236982783939,17.825361469361102,0.4042731551731289
439,"(294, 298)",8.863414327859264,2.2630815253717635,0.25532841427242114
444,"(1196, 1204)",18.664128980909155,2.283223954225529,0.12233219972713187
446,"(273, 292)",10.09395208749439,2.2238866309572956,0.22031872270451092
447,"(935, 936)",9.097341119657834,0.31124534329689263,0.03421278142734952
